email,date,activity
leslie@sbcglobal.net,2019-01-07,download
haddawy@outlook.com,2019-03-19,graphtour
jtorkbob@me.com,2019-03-02,discovery
syrinx@verizon.net,2019-03-08,graphtour
duchamp@hotmail.com,2019-04-07,newsletter
parents@msn.com,2019-05-02,discovery
biglou@gmail.com,2019-04-13,newsletter
solomon@aol.com,2019-05-08,download
miami@msn.com,2019-03-02,algorithms
crypt@sbcglobal.net,2019-08-08,algorithms
iapetus@msn.com,2019-09-02,algorithms
daveewart@icloud.com,2019-08-04,webinar
howler@me.com,2019-08-10,meetup
codex@att.net,2019-07-26,webinar
pjacklam@hotmail.com,2019-09-16,download
papathan@att.net,2019-04-27,meetup
michiel@msn.com,2019-08-22,download
salesgeek@yahoo.com,2019-05-25,discovery
salesgeek@yahoo.com,2019-03-29,graphconnect
brainless@live.com,2019-09-23,download
andersbr@aol.com,2019-01-19,discovery
north@yahoo.ca,2019-01-07,meetup
weazelman@optonline.net,2019-08-24,newsletter
geoffr@sbcglobal.net,2019-02-22,newsletter
thassine@me.com,2019-08-31,book
claypool@outlook.com,2019-08-25,graphconnect
jguyer@mac.com,2019-07-02,algorithms
andale@sbcglobal.net,2019-08-09,meetup
syrinx@verizon.net,2019-05-04,webinar
kevinm@att.net,2019-01-23,book
claypool@outlook.com,2019-08-18,newsletter
birddog@mac.com,2019-04-18,graphtour
chance@sbcglobal.net,2019-02-08,graphconnect
geoffr@sbcglobal.net,2019-09-20,meetup
fglock@yahoo.ca,2019-02-03,graphconnect
brainless@live.com,2019-04-08,graphtour
madanm@optonline.net,2019-02-05,meetup
dalamb@yahoo.com,2019-07-01,algorithms
chrisj@live.com,2019-01-16,graphconnect
neonatus@live.com,2019-08-12,graphconnect
chance@sbcglobal.net,2019-02-02,newsletter
wagnerch@comcast.net,2019-04-05,opportunity
retoh@live.com,2019-07-07,book
djupedal@comcast.net,2019-08-06,opportunity
crypt@sbcglobal.net,2019-08-25,discovery
thassine@yahoo.com,2019-02-24,algorithms
birddog@mac.com,2019-01-30,meetup
bryanw@hotmail.com,2019-01-28,graphconnect
pjacklam@hotmail.com,2019-09-08,graphconnect
maratb@hotmail.com,2019-01-14,graphtour
jfmulder@yahoo.com,2019-07-07,graphtour
madanm@optonline.net,2019-01-01,graphtour
crobles@outlook.com,2019-09-25,graphconnect
floxy@aol.com,2019-09-16,meetup
north@yahoo.ca,2019-01-13,webinar
balchen@att.net,2019-02-18,graphconnect
djupedal@comcast.net,2019-09-27,newsletter
janneh@aol.com,2019-03-23,meetup
thassine@me.com,2019-08-28,discovery
munjal@gmail.com,2019-06-19,meetup
policies@mac.com,2019-03-17,meetup
dalamb@outlook.com,2019-02-13,webinar
munjal@gmail.com,2019-06-17,webinar
dkasak@hotmail.com,2019-08-31,opportunity
dartlife@hotmail.com,2019-04-25,meetup
thassine@me.com,2019-08-05,graphconnect
thassine@yahoo.com,2019-07-04,graphconnect
munjal@gmail.com,2019-07-20,download
farber@live.com,2019-08-14,opportunity
jfmulder@yahoo.com,2019-01-03,opportunity
michiel@msn.com,2019-01-08,graphconnect
chance@sbcglobal.net,2019-08-07,webinar
horrocks@live.com,2019-02-11,opportunity
papathan@att.net,2019-04-04,download
kspiteri@outlook.com,2019-02-16,opportunity
chlim@hotmail.com,2019-06-22,newsletter
jonas@outlook.com,2019-06-02,graphtour
north@optonline.net,2019-01-24,download
birddog@mac.com,2019-06-27,graphtour
floxy@aol.com,2019-04-09,newsletter
dkasak@hotmail.com,2019-02-20,webinar
birddog@mac.com,2019-02-27,download
papathan@att.net,2019-08-15,newsletter
jnolan@comcast.net,2019-06-22,opportunity
munjal@gmail.com,2019-02-25,book
north@yahoo.ca,2019-10-06,opportunity
sravani@comcast.net,2019-08-30,algorithms
nasor@yahoo.com,2019-01-03,discovery
brainless@live.com,2019-05-17,graphtour
hamilton@yahoo.ca,2019-02-19,graphconnect
michiel@msn.com,2019-06-07,graphconnect
andersbr@aol.com,2019-01-10,webinar
sravani@comcast.net,2019-03-29,graphconnect
weazelman@optonline.net,2019-02-23,graphconnect
crobles@outlook.com,2019-09-21,opportunity
retoh@live.com,2019-01-10,webinar
jnolan@me.com,2019-07-22,meetup
bryanw@hotmail.com,2019-04-19,newsletter
biglou@gmail.com,2019-07-03,meetup
wagnerch@comcast.net,2019-03-11,book
thassine@yahoo.com,2019-09-22,graphtour
wagnerch@comcast.net,2019-03-07,graphtour
salesgeek@yahoo.com,2019-08-27,newsletter
sravani@comcast.net,2019-07-27,book
fglock@yahoo.ca,2019-09-11,opportunity
wainwrig@gmail.com,2019-05-24,webinar
claypool@outlook.com,2019-10-06,meetup
retoh@verizon.net,2019-07-22,discovery
dmbkiwi@aol.com,2019-09-06,book
nasor@yahoo.com,2019-08-26,book
chlim@hotmail.com,2019-01-18,download
madanm@optonline.net,2019-07-09,discovery
jfmulder@yahoo.com,2019-10-02,book
claypool@outlook.com,2019-06-09,newsletter
falcao@msn.com,2019-01-21,discovery
codex@att.net,2019-06-15,newsletter
dkasak@hotmail.com,2019-04-07,download
jguyer@mac.com,2019-05-19,graphconnect
codex@att.net,2019-03-19,newsletter
dhrakar@mac.com,2019-05-02,graphconnect
dmbkiwi@aol.com,2019-02-25,graphconnect
pmint@optonline.net,2019-09-13,webinar
yenya@verizon.net,2019-06-19,webinar
salesgeek@yahoo.com,2019-08-05,book
neonatus@live.com,2019-04-23,download
howler@me.com,2019-06-20,opportunity
carroll@verizon.net,2019-05-07,webinar
tkrotchko@gmail.com,2019-06-06,book
rogerspl@att.net,2019-08-25,opportunity
arachne@optonline.net,2019-10-04,meetup
papathan@yahoo.ca,2019-02-16,book
parents@msn.com,2019-01-05,meetup
farber@live.com,2019-02-23,graphconnect
north@yahoo.ca,2019-04-28,algorithms
salesgeek@yahoo.com,2019-08-14,algorithms
codex@att.net,2019-04-30,webinar
solomon@aol.com,2019-08-14,graphconnect
chance@sbcglobal.net,2019-01-06,algorithms
sravani@comcast.net,2019-09-16,webinar
wildixon@outlook.com,2019-10-01,graphconnect
retoh@verizon.net,2019-01-10,meetup
smartfart@me.com,2019-06-18,graphconnect
howler@me.com,2019-02-16,algorithms
djupedal@comcast.net,2019-06-23,graphtour
wildixon@outlook.com,2019-05-30,algorithms
geoffr@sbcglobal.net,2019-09-21,download
retoh@live.com,2019-06-05,download
yenya@verizon.net,2019-01-14,graphconnect
dhrakar@mac.com,2019-08-13,opportunity
crobles@outlook.com,2019-04-05,meetup
rattenbt@sbcglobal.net,2019-08-18,newsletter
papathan@att.net,2019-06-11,opportunity
jtorkbob@me.com,2019-07-05,download
weazelman@optonline.net,2019-09-17,graphtour
brainless@live.com,2019-02-28,download
crypt@sbcglobal.net,2019-04-19,graphconnect
retoh@verizon.net,2019-08-31,graphtour
smcnabb@att.net,2019-07-05,algorithms
nasor@yahoo.com,2019-07-23,algorithms
howler@me.com,2019-08-19,newsletter
stevelim@msn.com,2019-05-11,newsletter
stevelim@msn.com,2019-02-24,discovery
jgmyers@yahoo.ca,2019-07-02,discovery
miami@msn.com,2019-03-26,newsletter
geoffr@sbcglobal.net,2019-02-10,meetup
codex@att.net,2019-04-23,meetup
wildixon@outlook.com,2019-06-08,graphconnect
jonas@outlook.com,2019-01-01,algorithms
wildixon@outlook.com,2019-01-09,graphconnect
iapetus@msn.com,2019-05-20,newsletter
rattenbt@sbcglobal.net,2019-06-22,algorithms
floxy@aol.com,2019-07-30,download
wainwrig@gmail.com,2019-02-01,opportunity
dmbkiwi@aol.com,2019-02-09,discovery
kwilliams@optonline.net,2019-04-11,webinar
michiel@msn.com,2019-05-24,discovery
andale@sbcglobal.net,2019-10-01,algorithms
kingma@live.com,2019-04-05,newsletter
chance@sbcglobal.net,2019-07-08,graphtour
daveewart@icloud.com,2019-02-11,graphtour
duchamp@hotmail.com,2019-06-05,algorithms
howler@me.com,2019-07-15,newsletter
bryanw@hotmail.com,2019-09-12,opportunity
wainwrig@gmail.com,2019-10-06,graphconnect
janneh@aol.com,2019-09-20,webinar
makarow@hotmail.com,2019-09-11,meetup
wenzlaff@yahoo.ca,2019-04-03,graphconnect
kwilliams@optonline.net,2019-08-28,meetup
mcmillan@optonline.net,2019-04-14,graphtour
rattenbt@sbcglobal.net,2019-08-06,graphconnect
crypt@sbcglobal.net,2019-03-01,book
ingolfke@mac.com,2019-04-30,webinar
kwilliams@optonline.net,2019-01-29,download
boein@me.com,2019-09-24,opportunity
birddog@mac.com,2019-03-25,opportunity
janneh@aol.com,2019-08-29,webinar
floxy@aol.com,2019-03-24,discovery
policies@mac.com,2019-07-30,webinar
presoff@icloud.com,2019-02-25,opportunity
leslie@sbcglobal.net,2019-01-21,graphconnect
papathan@yahoo.ca,2019-04-22,discovery
thassine@me.com,2019-05-01,opportunity
wagnerch@comcast.net,2019-06-06,graphconnect
ryanshaw@aol.com,2019-01-18,download
smartfart@me.com,2019-06-10,download
pjacklam@hotmail.com,2019-08-29,webinar
jtorkbob@me.com,2019-02-23,webinar
chance@sbcglobal.net,2019-03-03,download
carroll@verizon.net,2019-09-17,book
yenya@verizon.net,2019-07-28,opportunity
papathan@att.net,2019-07-31,webinar
kspiteri@outlook.com,2019-06-02,webinar
dalamb@yahoo.com,2019-04-17,meetup
farber@live.com,2019-03-12,graphconnect
pjacklam@hotmail.com,2019-08-15,book
jmmuller@yahoo.ca,2019-02-16,discovery
boein@me.com,2019-03-12,download
miami@msn.com,2019-09-07,meetup
ingolfke@mac.com,2019-06-13,discovery
maratb@hotmail.com,2019-07-14,book
miami@msn.com,2019-09-18,meetup
rattenbt@sbcglobal.net,2019-09-17,meetup
thassine@me.com,2019-05-28,newsletter
carroll@verizon.net,2019-06-18,download
presoff@icloud.com,2019-07-12,discovery
madanm@optonline.net,2019-03-18,newsletter
thassine@me.com,2019-04-08,book
kingma@live.com,2019-05-01,discovery
yenya@verizon.net,2019-07-18,graphtour
madanm@optonline.net,2019-09-26,newsletter
presoff@icloud.com,2019-05-23,graphtour
andrei@msn.com,2019-08-29,graphtour
rogerspl@att.net,2019-06-07,graphconnect
haddawy@outlook.com,2019-08-08,book
denism@aol.com,2019-01-07,graphconnect
andale@sbcglobal.net,2019-03-10,opportunity
syrinx@verizon.net,2019-03-05,book
falcao@msn.com,2019-04-24,graphtour
tkrotchko@gmail.com,2019-07-15,download
djupedal@comcast.net,2019-04-25,graphtour
satch@yahoo.com,2019-07-15,download
retoh@live.com,2019-03-27,download
jtorkbob@me.com,2019-08-12,opportunity
neonatus@live.com,2019-01-22,meetup
rogerspl@att.net,2019-05-24,graphconnect
wenzlaff@yahoo.ca,2019-06-17,graphconnect
farber@live.com,2019-02-12,meetup
carroll@verizon.net,2019-03-14,newsletter
presoff@icloud.com,2019-03-24,book
hamilton@yahoo.ca,2019-06-28,opportunity
wainwrig@gmail.com,2019-03-09,discovery
papathan@att.net,2019-07-19,download
jnolan@comcast.net,2019-02-14,graphtour
papathan@yahoo.ca,2019-04-23,meetup
jtorkbob@me.com,2019-01-11,download
satch@yahoo.com,2019-03-17,meetup
policies@mac.com,2019-05-02,download
haddawy@outlook.com,2019-01-01,webinar
mcmillan@optonline.net,2019-05-29,book
denism@aol.com,2019-07-25,newsletter
weazelman@optonline.net,2019-08-16,opportunity
thassine@yahoo.com,2019-06-19,discovery
farber@live.com,2019-01-21,book
duchamp@hotmail.com,2019-04-09,newsletter
farber@live.com,2019-05-18,graphtour
dalamb@outlook.com,2019-06-03,discovery
hamilton@yahoo.ca,2019-08-21,graphconnect
duchamp@hotmail.com,2019-04-27,meetup
retoh@live.com,2019-02-03,book
rogerspl@att.net,2019-08-08,graphconnect
jonas@outlook.com,2019-04-14,meetup
claypool@outlook.com,2019-04-02,book
papathan@yahoo.ca,2019-01-14,opportunity
dalamb@outlook.com,2019-07-21,algorithms
kevinm@att.net,2019-10-03,download
stevelim@msn.com,2019-05-22,book
camenisch@hotmail.com,2019-02-15,discovery
tellis@icloud.com,2019-01-09,graphtour
kspiteri@outlook.com,2019-01-29,meetup
biglou@gmail.com,2019-03-07,download
thassine@me.com,2019-03-31,algorithms
papathan@yahoo.ca,2019-08-15,algorithms
policies@mac.com,2019-04-17,book
jnolan@me.com,2019-01-06,opportunity
neonatus@live.com,2019-06-29,opportunity
munjal@gmail.com,2019-03-27,discovery
satch@yahoo.com,2019-05-10,download
carroll@verizon.net,2019-04-11,book
solomon@aol.com,2019-01-30,download
chrisj@live.com,2019-06-19,download
presoff@icloud.com,2019-03-27,download
wagnerch@comcast.net,2019-08-01,algorithms
camenisch@hotmail.com,2019-02-24,download
jnolan@me.com,2019-05-15,graphconnect
andrei@msn.com,2019-08-10,webinar
wagnerch@comcast.net,2019-03-20,discovery
mcmillan@optonline.net,2019-08-29,meetup
jfmulder@yahoo.com,2019-06-26,meetup
leslie@sbcglobal.net,2019-09-05,meetup
dmbkiwi@aol.com,2019-07-12,newsletter
chlim@hotmail.com,2019-02-06,download
dmbkiwi@aol.com,2019-05-21,webinar
camenisch@hotmail.com,2019-04-07,newsletter
floxy@aol.com,2019-03-16,discovery
sravani@comcast.net,2019-01-25,opportunity
daveewart@icloud.com,2019-04-29,graphconnect
miami@msn.com,2019-04-11,meetup
crypt@sbcglobal.net,2019-06-27,webinar
makarow@hotmail.com,2019-03-06,download
biglou@gmail.com,2019-02-16,opportunity
kspiteri@outlook.com,2019-05-01,graphconnect
dkasak@hotmail.com,2019-09-30,meetup
carroll@verizon.net,2019-02-06,newsletter
rattenbt@sbcglobal.net,2019-01-04,graphtour
tkrotchko@gmail.com,2019-08-04,download
presoff@icloud.com,2019-10-02,discovery
dmbkiwi@aol.com,2019-08-03,algorithms
pjacklam@hotmail.com,2019-03-19,discovery
nasor@yahoo.com,2019-08-25,graphtour
arachne@optonline.net,2019-03-01,discovery
ingolfke@mac.com,2019-04-30,discovery
carroll@verizon.net,2019-05-21,graphtour
syrinx@verizon.net,2019-09-30,webinar
floxy@aol.com,2019-07-18,opportunity
jonas@outlook.com,2019-06-30,download
stevelim@msn.com,2019-03-30,graphtour
crypt@sbcglobal.net,2019-07-10,download
camenisch@hotmail.com,2019-05-30,book
dalamb@outlook.com,2019-02-27,meetup
biglou@gmail.com,2019-09-19,graphconnect
maratb@hotmail.com,2019-03-01,book
dhrakar@mac.com,2019-03-11,discovery
ingolfke@mac.com,2019-08-28,opportunity
michiel@msn.com,2019-07-05,webinar
ingolfke@mac.com,2019-02-07,algorithms
kspiteri@outlook.com,2019-10-01,webinar
biglou@gmail.com,2019-03-08,book
kevinm@att.net,2019-02-18,download
haddawy@outlook.com,2019-08-01,book
pmint@optonline.net,2019-04-03,book
sravani@comcast.net,2019-02-02,graphtour
daveewart@icloud.com,2019-06-17,newsletter
denism@aol.com,2019-09-25,opportunity
pmint@optonline.net,2019-03-27,book
andrei@msn.com,2019-06-16,algorithms
janneh@aol.com,2019-04-21,book
dkasak@hotmail.com,2019-04-29,opportunity
tellis@icloud.com,2019-06-18,opportunity
smcnabb@att.net,2019-05-12,newsletter
solomon@aol.com,2019-03-11,webinar
smcnabb@att.net,2019-04-08,opportunity
smcnabb@att.net,2019-06-16,discovery
jonas@outlook.com,2019-03-12,graphconnect
haddawy@outlook.com,2019-03-21,newsletter
miami@msn.com,2019-02-10,newsletter
howler@me.com,2019-03-09,download
kingma@live.com,2019-06-11,newsletter
nwiger@att.net,2019-01-26,book
jmmuller@yahoo.ca,2019-03-19,newsletter
policies@mac.com,2019-06-24,graphtour
bryanw@hotmail.com,2019-02-07,discovery
kingma@live.com,2019-04-08,newsletter
ingolfke@mac.com,2019-06-20,download
jtorkbob@me.com,2019-06-16,meetup
claypool@outlook.com,2019-05-02,discovery
thassine@yahoo.com,2019-07-27,meetup
janneh@aol.com,2019-04-27,meetup
pmint@optonline.net,2019-01-05,webinar
jonas@outlook.com,2019-06-18,opportunity
nasor@yahoo.com,2019-04-27,book
crowemojo@sbcglobal.net,2019-05-11,newsletter
jfmulder@yahoo.com,2019-08-08,newsletter
wainwrig@gmail.com,2019-03-23,graphconnect
kspiteri@outlook.com,2019-04-01,graphtour
codex@att.net,2019-03-23,graphtour
ingolfke@mac.com,2019-04-23,discovery
crobles@outlook.com,2019-02-12,download
north@yahoo.ca,2019-08-10,discovery
tellis@icloud.com,2019-08-23,graphconnect
chance@sbcglobal.net,2019-05-22,newsletter
wainwrig@gmail.com,2019-03-27,book
singh@mac.com,2019-05-02,newsletter
bryanw@hotmail.com,2019-08-07,newsletter
wildixon@outlook.com,2019-06-01,webinar
michiel@msn.com,2019-01-31,opportunity
rattenbt@sbcglobal.net,2019-10-07,newsletter
crobles@outlook.com,2019-03-14,graphconnect
daveewart@icloud.com,2019-02-03,graphconnect
satch@yahoo.com,2019-07-18,download
claypool@outlook.com,2019-02-26,opportunity
pjacklam@hotmail.com,2019-03-03,graphtour
rattenbt@sbcglobal.net,2019-09-23,discovery
farber@live.com,2019-01-17,download
satch@yahoo.com,2019-06-25,discovery
salesgeek@yahoo.com,2019-02-13,graphtour
farber@live.com,2019-04-07,algorithms
kevinm@att.net,2019-09-07,opportunity
tkrotchko@gmail.com,2019-03-09,discovery
horrocks@live.com,2019-05-03,download
biglou@gmail.com,2019-08-15,newsletter
chrisj@live.com,2019-10-03,book
wildixon@outlook.com,2019-04-19,meetup
singh@mac.com,2019-09-26,graphconnect
north@optonline.net,2019-07-15,algorithms
kingma@live.com,2019-01-19,graphtour
boein@me.com,2019-09-06,webinar
tellis@icloud.com,2019-04-06,newsletter
neonatus@live.com,2019-09-19,newsletter
dkasak@hotmail.com,2019-01-30,download
arachne@optonline.net,2019-07-14,graphtour
jonas@outlook.com,2019-01-27,webinar
dmbkiwi@aol.com,2019-07-02,graphconnect
nwiger@att.net,2019-06-09,newsletter
makarow@hotmail.com,2019-03-19,discovery
ingolfke@mac.com,2019-08-20,algorithms
wenzlaff@yahoo.ca,2019-05-10,webinar
smcnabb@att.net,2019-04-28,meetup
neonatus@live.com,2019-07-24,opportunity
kingma@live.com,2019-03-06,book
dalamb@outlook.com,2019-08-09,graphtour
fglock@yahoo.ca,2019-04-25,graphconnect
horrocks@live.com,2019-02-13,algorithms
retoh@verizon.net,2019-03-11,graphconnect
munjal@gmail.com,2019-06-04,download
solomon@aol.com,2019-03-17,graphconnect
north@optonline.net,2019-01-19,discovery
djupedal@comcast.net,2019-06-10,algorithms
howler@me.com,2019-03-06,webinar
north@yahoo.ca,2019-08-23,meetup
thassine@me.com,2019-05-09,book
jgmyers@yahoo.ca,2019-05-10,discovery
wenzlaff@yahoo.ca,2019-03-15,meetup
maratb@hotmail.com,2019-03-24,algorithms
kspiteri@outlook.com,2019-09-27,newsletter
floxy@aol.com,2019-06-10,newsletter
madanm@optonline.net,2019-05-02,algorithms
munjal@gmail.com,2019-08-03,graphconnect
jfmulder@yahoo.com,2019-04-26,newsletter
makarow@hotmail.com,2019-05-11,webinar
floxy@aol.com,2019-06-02,graphtour
tkrotchko@gmail.com,2019-10-08,opportunity
webteam@yahoo.ca,2019-04-24,book
balchen@att.net,2019-07-20,algorithms
retoh@live.com,2019-01-03,algorithms
tkrotchko@gmail.com,2019-06-12,meetup
boein@me.com,2019-08-17,graphtour
kingma@live.com,2019-08-12,algorithms
nwiger@att.net,2019-02-24,book
nwiger@att.net,2019-05-22,graphconnect
kspiteri@outlook.com,2019-04-04,book
kevinm@att.net,2019-06-19,meetup
makarow@hotmail.com,2019-09-21,newsletter
webteam@yahoo.ca,2019-06-08,opportunity
dhrakar@mac.com,2019-08-24,algorithms
kwilliams@optonline.net,2019-07-30,algorithms
salesgeek@yahoo.com,2019-04-30,graphtour
north@optonline.net,2019-05-18,book
parents@msn.com,2019-05-13,graphtour
singh@mac.com,2019-07-18,discovery
boein@me.com,2019-03-27,newsletter
claypool@outlook.com,2019-04-05,newsletter
wagnerch@comcast.net,2019-04-19,newsletter
dmbkiwi@aol.com,2019-04-26,newsletter
bryanw@hotmail.com,2019-09-13,book
tellis@icloud.com,2019-08-08,webinar
benits@yahoo.com,2019-02-11,newsletter
michiel@msn.com,2019-04-22,graphtour
presoff@icloud.com,2019-07-31,graphconnect
dalamb@outlook.com,2019-02-05,discovery
stevelim@msn.com,2019-02-17,meetup
daveewart@icloud.com,2019-04-14,opportunity
andale@sbcglobal.net,2019-02-10,algorithms
tkrotchko@gmail.com,2019-05-31,graphtour
weazelman@optonline.net,2019-09-17,book
benits@yahoo.com,2019-09-13,book
tellis@icloud.com,2019-03-06,discovery
presoff@icloud.com,2019-08-31,download
janneh@aol.com,2019-06-09,book
fglock@yahoo.ca,2019-02-21,book
birddog@mac.com,2019-02-23,graphtour
nwiger@att.net,2019-07-13,graphconnect
ryanshaw@aol.com,2019-03-22,meetup
andale@sbcglobal.net,2019-08-27,algorithms
jmmuller@yahoo.ca,2019-09-28,book
dkasak@hotmail.com,2019-02-04,opportunity
wainwrig@gmail.com,2019-02-21,algorithms
wildixon@outlook.com,2019-07-12,meetup
north@yahoo.ca,2019-09-02,graphtour
denism@aol.com,2019-02-02,discovery
michiel@msn.com,2019-01-23,discovery
rogerspl@att.net,2019-05-08,newsletter
dalamb@outlook.com,2019-09-25,algorithms
camenisch@hotmail.com,2019-02-03,graphtour
thassine@yahoo.com,2019-08-23,newsletter
kwilliams@optonline.net,2019-04-12,graphtour
jnolan@me.com,2019-07-20,opportunity
thassine@yahoo.com,2019-05-10,download
carroll@verizon.net,2019-08-22,book
ingolfke@mac.com,2019-06-06,meetup
hamilton@yahoo.ca,2019-07-19,webinar
benits@yahoo.com,2019-08-10,opportunity
chlim@hotmail.com,2019-03-08,book
horrocks@live.com,2019-04-09,download
syrinx@verizon.net,2019-04-14,meetup
dmbkiwi@aol.com,2019-03-04,book
syrinx@verizon.net,2019-03-18,webinar
rogerspl@att.net,2019-06-14,discovery
duchamp@hotmail.com,2019-08-30,newsletter
haddawy@outlook.com,2019-05-05,meetup
arachne@optonline.net,2019-06-09,book
jmmuller@yahoo.ca,2019-03-26,book
fglock@yahoo.ca,2019-07-05,download
makarow@hotmail.com,2019-06-26,newsletter
policies@mac.com,2019-05-01,newsletter
smcnabb@att.net,2019-02-12,webinar
djupedal@comcast.net,2019-02-04,webinar
jnolan@comcast.net,2019-09-13,meetup
floxy@aol.com,2019-03-27,book
floxy@aol.com,2019-01-07,book
jnolan@me.com,2019-06-07,graphtour
carroll@verizon.net,2019-02-08,download
north@optonline.net,2019-02-25,meetup
farber@live.com,2019-07-29,graphtour
biglou@gmail.com,2019-06-18,opportunity
nasor@yahoo.com,2019-01-03,meetup
smcnabb@att.net,2019-01-24,algorithms
bryanw@hotmail.com,2019-03-04,download
duchamp@hotmail.com,2019-08-11,download
crobles@outlook.com,2019-07-18,download
maratb@hotmail.com,2019-09-12,book
retoh@live.com,2019-09-13,graphconnect
jfmulder@yahoo.com,2019-08-01,graphconnect
howler@me.com,2019-03-31,graphconnect
bryanw@hotmail.com,2019-04-10,book
falcao@msn.com,2019-08-10,opportunity
brainless@live.com,2019-01-30,webinar
carroll@verizon.net,2019-01-17,graphtour
kwilliams@optonline.net,2019-01-11,newsletter
jfmulder@yahoo.com,2019-05-27,webinar
arachne@optonline.net,2019-04-07,graphconnect
chance@sbcglobal.net,2019-01-03,graphconnect
makarow@hotmail.com,2019-08-20,graphtour
papathan@yahoo.ca,2019-06-20,discovery
satch@yahoo.com,2019-04-20,book
duchamp@hotmail.com,2019-09-02,algorithms
janneh@aol.com,2019-06-03,graphtour
djupedal@comcast.net,2019-06-10,newsletter
rattenbt@sbcglobal.net,2019-05-13,newsletter
biglou@gmail.com,2019-09-06,graphtour
birddog@mac.com,2019-09-20,book
presoff@icloud.com,2019-08-09,discovery
wagnerch@comcast.net,2019-02-10,newsletter
jmmuller@yahoo.ca,2019-06-22,newsletter
daveewart@icloud.com,2019-10-03,download
jonas@outlook.com,2019-03-25,webinar
bryanw@hotmail.com,2019-06-15,algorithms
dalamb@yahoo.com,2019-01-21,opportunity
rogerspl@att.net,2019-07-11,graphtour
duchamp@hotmail.com,2019-08-15,book
jfmulder@yahoo.com,2019-06-17,opportunity
wenzlaff@yahoo.ca,2019-05-23,graphtour
rattenbt@sbcglobal.net,2019-04-25,opportunity
jgmyers@yahoo.ca,2019-04-02,graphconnect
singh@mac.com,2019-03-20,graphconnect
jnolan@me.com,2019-02-11,webinar
hamilton@yahoo.ca,2019-07-08,graphconnect
hamilton@yahoo.ca,2019-05-16,graphconnect
duchamp@hotmail.com,2019-02-02,discovery
syrinx@verizon.net,2019-05-29,newsletter
codex@att.net,2019-05-25,opportunity
farber@live.com,2019-01-25,webinar
jguyer@mac.com,2019-02-27,graphconnect
dartlife@hotmail.com,2019-08-18,discovery
hamilton@yahoo.ca,2019-05-13,book
sravani@comcast.net,2019-03-11,webinar
wenzlaff@yahoo.ca,2019-07-04,algorithms
webteam@yahoo.ca,2019-02-05,newsletter
jgmyers@yahoo.ca,2019-02-26,discovery
stevelim@msn.com,2019-09-23,graphtour
ryanshaw@aol.com,2019-04-13,webinar
stevelim@msn.com,2019-04-04,discovery
rogerspl@att.net,2019-02-09,newsletter
jonas@outlook.com,2019-07-13,download
north@optonline.net,2019-04-08,discovery
bryanw@hotmail.com,2019-01-24,opportunity
jfmulder@yahoo.com,2019-01-11,discovery
daveewart@icloud.com,2019-05-21,meetup
claypool@outlook.com,2019-02-25,download
andersbr@aol.com,2019-04-03,graphtour
ingolfke@mac.com,2019-09-10,download
crobles@outlook.com,2019-10-01,download
north@yahoo.ca,2019-05-14,download
fglock@yahoo.ca,2019-09-23,graphtour
crypt@sbcglobal.net,2019-08-24,algorithms
crowemojo@sbcglobal.net,2019-05-27,book
hamilton@yahoo.ca,2019-08-13,graphconnect
wildixon@outlook.com,2019-09-24,download
salesgeek@yahoo.com,2019-08-01,graphconnect
falcao@msn.com,2019-10-07,newsletter
jonas@outlook.com,2019-05-06,graphtour
thassine@yahoo.com,2019-09-09,discovery
jtorkbob@me.com,2019-07-13,algorithms
makarow@hotmail.com,2019-05-22,discovery
webteam@yahoo.ca,2019-08-23,algorithms
arachne@optonline.net,2019-09-17,meetup
boein@me.com,2019-01-15,webinar
chance@sbcglobal.net,2019-01-03,book
biglou@gmail.com,2019-07-24,meetup
floxy@aol.com,2019-07-07,webinar
yenya@verizon.net,2019-05-02,webinar
pmint@optonline.net,2019-08-17,graphtour
andale@sbcglobal.net,2019-06-13,newsletter
chlim@hotmail.com,2019-08-11,algorithms
floxy@aol.com,2019-03-26,download
jmmuller@yahoo.ca,2019-09-10,discovery
north@yahoo.ca,2019-07-11,meetup
geoffr@sbcglobal.net,2019-04-21,discovery
andale@sbcglobal.net,2019-09-08,algorithms
jguyer@mac.com,2019-10-04,download
jguyer@mac.com,2019-09-15,download
nasor@yahoo.com,2019-02-16,book
leslie@sbcglobal.net,2019-07-09,webinar
floxy@aol.com,2019-05-12,opportunity
dalamb@outlook.com,2019-02-20,graphtour
syrinx@verizon.net,2019-09-15,download
andrei@msn.com,2019-03-09,meetup
crowemojo@sbcglobal.net,2019-02-27,download
satch@yahoo.com,2019-01-27,book
salesgeek@yahoo.com,2019-08-19,newsletter
jguyer@mac.com,2019-01-02,book
retoh@live.com,2019-01-22,newsletter
iapetus@msn.com,2019-01-02,webinar
brainless@live.com,2019-06-08,graphconnect
hamilton@yahoo.ca,2019-08-20,graphtour
tkrotchko@gmail.com,2019-08-25,meetup
kingma@live.com,2019-01-27,graphtour
north@optonline.net,2019-02-24,opportunity
policies@mac.com,2019-07-18,graphtour
madanm@optonline.net,2019-01-30,algorithms
jtorkbob@me.com,2019-08-17,opportunity
rogerspl@att.net,2019-01-13,download
tkrotchko@gmail.com,2019-03-18,graphtour
north@yahoo.ca,2019-01-07,discovery
neonatus@live.com,2019-08-12,algorithms
satch@yahoo.com,2019-06-07,discovery
presoff@icloud.com,2019-07-30,graphtour
farber@live.com,2019-08-13,download
duchamp@hotmail.com,2019-09-16,download
pjacklam@hotmail.com,2019-03-04,algorithms
hamilton@yahoo.ca,2019-08-30,graphtour
retoh@live.com,2019-01-26,opportunity
codex@att.net,2019-10-07,graphconnect
chrisj@live.com,2019-03-09,opportunity
biglou@gmail.com,2019-09-03,book
dartlife@hotmail.com,2019-07-21,webinar
munjal@gmail.com,2019-04-28,opportunity
chlim@hotmail.com,2019-08-19,graphconnect
wainwrig@gmail.com,2019-09-12,algorithms
wenzlaff@yahoo.ca,2019-05-25,meetup
bryanw@hotmail.com,2019-03-20,webinar
jfmulder@yahoo.com,2019-05-16,download
makarow@hotmail.com,2019-05-02,discovery
dalamb@outlook.com,2019-02-01,webinar
pjacklam@hotmail.com,2019-08-08,graphconnect
denism@aol.com,2019-04-20,meetup
nwiger@att.net,2019-01-07,meetup
codex@att.net,2019-04-09,download
dkasak@hotmail.com,2019-06-05,graphconnect
ryanshaw@aol.com,2019-09-22,webinar
chance@sbcglobal.net,2019-10-05,graphtour
janneh@aol.com,2019-07-05,download
kevinm@att.net,2019-06-19,graphconnect
djupedal@comcast.net,2019-01-09,graphconnect
denism@aol.com,2019-05-31,webinar
andale@sbcglobal.net,2019-05-01,algorithms
jfmulder@yahoo.com,2019-08-22,webinar
hamilton@yahoo.ca,2019-03-01,book
ingolfke@mac.com,2019-02-20,graphconnect
ingolfke@mac.com,2019-05-02,graphconnect
sravani@comcast.net,2019-07-22,opportunity
singh@mac.com,2019-08-11,webinar
presoff@icloud.com,2019-06-13,discovery
makarow@hotmail.com,2019-05-03,book
stevelim@msn.com,2019-05-07,graphconnect
madanm@optonline.net,2019-03-14,book
tellis@icloud.com,2019-09-15,opportunity
wainwrig@gmail.com,2019-03-21,opportunity
camenisch@hotmail.com,2019-02-02,opportunity
kevinm@att.net,2019-07-05,discovery
syrinx@verizon.net,2019-09-09,webinar
jmmuller@yahoo.ca,2019-08-04,download
djupedal@comcast.net,2019-01-16,download
neonatus@live.com,2019-03-09,webinar
nwiger@att.net,2019-09-02,graphconnect
camenisch@hotmail.com,2019-05-15,algorithms
dhrakar@mac.com,2019-03-19,book
maratb@hotmail.com,2019-04-23,algorithms
denism@aol.com,2019-01-03,download
pjacklam@hotmail.com,2019-05-16,graphtour
haddawy@outlook.com,2019-02-22,discovery
boein@me.com,2019-04-11,newsletter
brainless@live.com,2019-02-07,book
presoff@icloud.com,2019-05-10,graphconnect
weazelman@optonline.net,2019-06-08,meetup
yenya@verizon.net,2019-04-02,discovery
wenzlaff@yahoo.ca,2019-08-19,meetup
jfmulder@yahoo.com,2019-06-27,newsletter
maratb@hotmail.com,2019-07-11,newsletter
hamilton@yahoo.ca,2019-06-13,meetup
yenya@verizon.net,2019-04-16,graphtour
dalamb@outlook.com,2019-07-14,book
stevelim@msn.com,2019-05-14,book
miami@msn.com,2019-09-23,graphconnect
wainwrig@gmail.com,2019-05-05,webinar
makarow@hotmail.com,2019-04-03,opportunity
ingolfke@mac.com,2019-07-18,algorithms
kevinm@att.net,2019-07-26,download
syrinx@verizon.net,2019-01-05,webinar
carroll@verizon.net,2019-06-26,book
arachne@optonline.net,2019-04-22,book
denism@aol.com,2019-05-20,graphtour
falcao@msn.com,2019-04-05,graphconnect
retoh@live.com,2019-09-17,algorithms
benits@yahoo.com,2019-05-24,opportunity
biglou@gmail.com,2019-04-03,algorithms
codex@att.net,2019-07-23,graphconnect
claypool@outlook.com,2019-05-24,graphconnect
dkasak@hotmail.com,2019-02-04,book
jnolan@comcast.net,2019-10-05,algorithms
parents@msn.com,2019-01-09,newsletter
jnolan@comcast.net,2019-01-13,download
bryanw@hotmail.com,2019-01-21,graphconnect
nwiger@att.net,2019-06-07,webinar
falcao@msn.com,2019-06-23,algorithms
jguyer@mac.com,2019-01-05,meetup
andrei@msn.com,2019-10-01,discovery
andersbr@aol.com,2019-03-11,book
kevinm@att.net,2019-05-09,graphconnect
north@optonline.net,2019-02-18,download
leslie@sbcglobal.net,2019-08-07,download
falcao@msn.com,2019-03-14,discovery
kwilliams@optonline.net,2019-07-29,graphconnect
pjacklam@hotmail.com,2019-07-13,webinar
codex@att.net,2019-08-15,algorithms
jonas@outlook.com,2019-01-02,graphconnect
codex@att.net,2019-05-04,graphtour
farber@live.com,2019-02-05,download
papathan@yahoo.ca,2019-03-20,book
jnolan@me.com,2019-01-13,meetup
solomon@aol.com,2019-08-27,opportunity
maratb@hotmail.com,2019-07-25,opportunity
duchamp@hotmail.com,2019-02-28,webinar
camenisch@hotmail.com,2019-03-25,graphtour
policies@mac.com,2019-09-18,graphtour
presoff@icloud.com,2019-07-26,webinar
solomon@aol.com,2019-02-28,book
hamilton@yahoo.ca,2019-10-03,meetup
denism@aol.com,2019-05-24,newsletter
webteam@yahoo.ca,2019-07-27,meetup
pmint@optonline.net,2019-02-05,newsletter
satch@yahoo.com,2019-02-26,download
biglou@gmail.com,2019-04-19,newsletter
arachne@optonline.net,2019-05-12,graphtour
andersbr@aol.com,2019-01-10,algorithms
papathan@att.net,2019-07-10,opportunity
fglock@yahoo.ca,2019-05-08,download
stevelim@msn.com,2019-03-10,newsletter
jtorkbob@me.com,2019-07-21,graphtour
birddog@mac.com,2019-08-12,opportunity
neonatus@live.com,2019-02-07,discovery
madanm@optonline.net,2019-01-22,webinar
rattenbt@sbcglobal.net,2019-01-17,algorithms
dartlife@hotmail.com,2019-02-02,book
brainless@live.com,2019-09-02,algorithms
smcnabb@att.net,2019-04-29,graphconnect
jmmuller@yahoo.ca,2019-03-05,algorithms
kevinm@att.net,2019-01-29,algorithms
tellis@icloud.com,2019-08-06,opportunity
north@yahoo.ca,2019-06-08,algorithms
syrinx@verizon.net,2019-03-24,algorithms
duchamp@hotmail.com,2019-01-26,book
dalamb@yahoo.com,2019-07-08,newsletter
brainless@live.com,2019-09-26,book
dartlife@hotmail.com,2019-07-22,book
farber@live.com,2019-10-08,graphconnect
madanm@optonline.net,2019-09-02,graphconnect
munjal@gmail.com,2019-04-20,opportunity
munjal@gmail.com,2019-06-12,meetup
andersbr@aol.com,2019-07-18,webinar
dhrakar@mac.com,2019-05-20,graphtour
wildixon@outlook.com,2019-07-29,graphtour
andersbr@aol.com,2019-09-11,opportunity
nwiger@att.net,2019-01-14,graphtour
daveewart@icloud.com,2019-07-20,opportunity
smartfart@me.com,2019-03-10,graphtour
yenya@verizon.net,2019-06-09,download
biglou@gmail.com,2019-06-22,graphconnect
singh@mac.com,2019-09-10,book
pmint@optonline.net,2019-04-24,meetup
jfmulder@yahoo.com,2019-08-10,discovery
jtorkbob@me.com,2019-09-16,graphconnect
falcao@msn.com,2019-04-06,opportunity
jnolan@me.com,2019-09-27,download
wainwrig@gmail.com,2019-03-17,graphconnect
smartfart@me.com,2019-03-02,algorithms
biglou@gmail.com,2019-07-10,newsletter
retoh@live.com,2019-02-20,newsletter
weazelman@optonline.net,2019-02-01,download
smartfart@me.com,2019-08-06,download
brainless@live.com,2019-01-29,meetup
jtorkbob@me.com,2019-01-20,meetup
thassine@me.com,2019-09-14,meetup
leslie@sbcglobal.net,2019-02-17,meetup
smartfart@me.com,2019-07-10,newsletter
farber@live.com,2019-04-17,graphtour
benits@yahoo.com,2019-10-01,book
policies@mac.com,2019-04-13,book
andersbr@aol.com,2019-09-25,newsletter
madanm@optonline.net,2019-03-16,download
chrisj@live.com,2019-06-06,book
balchen@att.net,2019-08-14,newsletter
papathan@att.net,2019-08-11,newsletter
daveewart@icloud.com,2019-03-08,algorithms
birddog@mac.com,2019-07-01,graphconnect
tkrotchko@gmail.com,2019-05-31,opportunity
solomon@aol.com,2019-03-14,newsletter
wagnerch@comcast.net,2019-04-21,download
smcnabb@att.net,2019-03-16,book
papathan@yahoo.ca,2019-08-25,graphconnect
singh@mac.com,2019-08-17,download
michiel@msn.com,2019-09-18,book
howler@me.com,2019-08-16,graphconnect
smartfart@me.com,2019-08-05,graphtour
tkrotchko@gmail.com,2019-09-13,algorithms
madanm@optonline.net,2019-01-24,graphtour
jguyer@mac.com,2019-03-27,graphconnect
dhrakar@mac.com,2019-04-18,webinar
syrinx@verizon.net,2019-08-14,opportunity
madanm@optonline.net,2019-03-06,download
north@optonline.net,2019-01-01,newsletter
crowemojo@sbcglobal.net,2019-02-13,graphconnect
jmmuller@yahoo.ca,2019-01-02,discovery
solomon@aol.com,2019-02-08,book
wainwrig@gmail.com,2019-06-12,newsletter
boein@me.com,2019-03-10,book
jtorkbob@me.com,2019-05-05,graphconnect
wildixon@outlook.com,2019-05-09,book
nasor@yahoo.com,2019-02-09,graphconnect
kwilliams@optonline.net,2019-01-07,graphtour
dalamb@yahoo.com,2019-02-20,newsletter
webteam@yahoo.ca,2019-08-25,newsletter
andersbr@aol.com,2019-05-07,graphconnect
thassine@yahoo.com,2019-05-16,algorithms
wainwrig@gmail.com,2019-08-11,graphtour
andrei@msn.com,2019-10-07,graphconnect
satch@yahoo.com,2019-02-03,algorithms
boein@me.com,2019-09-19,algorithms
janneh@aol.com,2019-09-28,graphconnect
jonas@outlook.com,2019-05-24,download
chance@sbcglobal.net,2019-05-09,download
duchamp@hotmail.com,2019-06-06,webinar
daveewart@icloud.com,2019-04-09,graphconnect
duchamp@hotmail.com,2019-01-08,book
haddawy@outlook.com,2019-04-25,meetup
dmbkiwi@aol.com,2019-07-23,webinar
smcnabb@att.net,2019-03-30,newsletter
floxy@aol.com,2019-07-25,discovery
brainless@live.com,2019-07-31,opportunity
papathan@att.net,2019-06-29,newsletter
janneh@aol.com,2019-02-04,webinar
stevelim@msn.com,2019-03-30,graphconnect
parents@msn.com,2019-07-05,opportunity
kspiteri@outlook.com,2019-01-30,graphtour
smcnabb@att.net,2019-04-24,discovery
iapetus@msn.com,2019-07-06,discovery
smcnabb@att.net,2019-07-12,algorithms
tellis@icloud.com,2019-06-08,book
dartlife@hotmail.com,2019-08-14,webinar
syrinx@verizon.net,2019-09-20,download
mcmillan@optonline.net,2019-01-22,meetup
salesgeek@yahoo.com,2019-07-01,webinar
tellis@icloud.com,2019-01-09,graphconnect
dkasak@hotmail.com,2019-03-03,opportunity
presoff@icloud.com,2019-06-23,webinar
munjal@gmail.com,2019-05-28,graphconnect
haddawy@outlook.com,2019-05-21,book
wenzlaff@yahoo.ca,2019-03-11,graphtour
biglou@gmail.com,2019-07-15,newsletter
crobles@outlook.com,2019-06-06,book
sravani@comcast.net,2019-09-30,newsletter
kevinm@att.net,2019-07-09,meetup
kingma@live.com,2019-04-21,graphtour
dartlife@hotmail.com,2019-08-04,algorithms
parents@msn.com,2019-01-19,algorithms
yenya@verizon.net,2019-06-04,book
smcnabb@att.net,2019-04-28,opportunity
pjacklam@hotmail.com,2019-03-19,webinar
chlim@hotmail.com,2019-02-16,newsletter
haddawy@outlook.com,2019-01-23,download
haddawy@outlook.com,2019-04-26,algorithms
tkrotchko@gmail.com,2019-03-05,opportunity
thassine@me.com,2019-07-26,book
jonas@outlook.com,2019-02-19,discovery
arachne@optonline.net,2019-07-31,book
wildixon@outlook.com,2019-02-06,algorithms
pjacklam@hotmail.com,2019-04-13,graphtour
andale@sbcglobal.net,2019-03-17,newsletter
crowemojo@sbcglobal.net,2019-05-22,meetup
daveewart@icloud.com,2019-05-24,algorithms
dalamb@outlook.com,2019-06-05,meetup
madanm@optonline.net,2019-08-27,graphtour
wildixon@outlook.com,2019-04-22,download
smartfart@me.com,2019-03-27,algorithms
thassine@yahoo.com,2019-06-03,book
singh@mac.com,2019-01-25,download
north@yahoo.ca,2019-03-28,algorithms
wildixon@outlook.com,2019-01-01,graphtour
thassine@me.com,2019-03-06,newsletter
dartlife@hotmail.com,2019-04-23,meetup
thassine@me.com,2019-06-27,newsletter
boein@me.com,2019-01-18,webinar
chance@sbcglobal.net,2019-04-08,book
thassine@yahoo.com,2019-06-08,graphconnect
denism@aol.com,2019-06-28,opportunity
geoffr@sbcglobal.net,2019-05-12,graphconnect
parents@msn.com,2019-09-23,download
jguyer@mac.com,2019-03-30,meetup
syrinx@verizon.net,2019-01-12,algorithms
miami@msn.com,2019-03-04,graphconnect
kwilliams@optonline.net,2019-03-29,discovery
presoff@icloud.com,2019-08-17,opportunity
jfmulder@yahoo.com,2019-07-23,meetup
jnolan@comcast.net,2019-02-02,book
birddog@mac.com,2019-02-09,meetup
thassine@me.com,2019-06-22,graphconnect
chance@sbcglobal.net,2019-02-28,book
dalamb@outlook.com,2019-09-22,graphconnect
webteam@yahoo.ca,2019-08-26,graphconnect
syrinx@verizon.net,2019-08-12,graphconnect
hamilton@yahoo.ca,2019-10-05,algorithms
parents@msn.com,2019-07-26,algorithms
codex@att.net,2019-09-26,meetup
nasor@yahoo.com,2019-04-01,book
chrisj@live.com,2019-06-07,newsletter
bryanw@hotmail.com,2019-08-01,download
tellis@icloud.com,2019-05-24,meetup
horrocks@live.com,2019-09-08,book
dartlife@hotmail.com,2019-06-18,meetup
bryanw@hotmail.com,2019-02-20,graphconnect
falcao@msn.com,2019-09-25,graphconnect
tellis@icloud.com,2019-03-12,webinar
brainless@live.com,2019-03-06,book
denism@aol.com,2019-09-04,algorithms
jnolan@comcast.net,2019-08-18,graphtour
wildixon@outlook.com,2019-05-13,download
pmint@optonline.net,2019-01-22,graphtour
solomon@aol.com,2019-08-02,algorithms
policies@mac.com,2019-10-07,algorithms
jnolan@me.com,2019-07-29,book
jgmyers@yahoo.ca,2019-05-03,book
parents@msn.com,2019-05-01,discovery
codex@att.net,2019-09-22,newsletter
dalamb@outlook.com,2019-07-05,opportunity
balchen@att.net,2019-10-03,algorithms
makarow@hotmail.com,2019-05-03,newsletter
horrocks@live.com,2019-04-21,webinar
munjal@gmail.com,2019-08-13,webinar
benits@yahoo.com,2019-05-05,graphtour
north@optonline.net,2019-08-10,book
presoff@icloud.com,2019-04-18,graphtour
madanm@optonline.net,2019-09-10,download
ryanshaw@aol.com,2019-10-05,book
ingolfke@mac.com,2019-05-30,algorithms
daveewart@icloud.com,2019-04-07,newsletter
sravani@comcast.net,2019-03-22,graphconnect
dalamb@outlook.com,2019-01-30,book
wenzlaff@yahoo.ca,2019-09-13,newsletter
farber@live.com,2019-08-01,algorithms
jnolan@comcast.net,2019-04-15,discovery
thassine@me.com,2019-01-23,opportunity
jtorkbob@me.com,2019-01-04,book
biglou@gmail.com,2019-02-02,download
chance@sbcglobal.net,2019-09-30,download
madanm@optonline.net,2019-03-27,newsletter
crowemojo@sbcglobal.net,2019-06-15,download
retoh@verizon.net,2019-04-04,webinar
crypt@sbcglobal.net,2019-08-04,graphtour
dalamb@outlook.com,2019-07-10,graphconnect
ingolfke@mac.com,2019-07-26,discovery
andale@sbcglobal.net,2019-06-12,graphtour
denism@aol.com,2019-03-07,algorithms
haddawy@outlook.com,2019-09-30,algorithms
thassine@yahoo.com,2019-07-11,graphtour
djupedal@comcast.net,2019-03-25,graphconnect
ryanshaw@aol.com,2019-01-14,download
jtorkbob@me.com,2019-05-06,webinar
daveewart@icloud.com,2019-04-03,newsletter
syrinx@verizon.net,2019-05-18,discovery
jfmulder@yahoo.com,2019-06-19,graphtour